{
    "format_version": "1.8.0",
    "minecraft:spawn_rules": {
      "description": {
        "identifier": "explore:emply",
        "population_control": "animal"
      },
      "conditions": [
        {
          "minecraft:spawns_on_surface": {},
          "minecraft:brightness_filter": {
            "min": 0,
            "max": 15,
            "adjust_for_weather": false
          },
          "minecraft:weight": {
            "default": 10
          },
          "minecraft:biome_filter": {
            "test": "has_biome_tag", "operator": "==", "value": "plains"
          }
        }
      ]
    }
  }