{
	"format_version": "1.16.0",
	"minecraft:entity": {
		"description": {
			"identifier": "explore:emply",
			"runtime_identifier": "minecraft:allay",
			"is_spawnable": true,
			"is_summonable": true,
			"is_experimental": false
		},
		"component_groups": {
			"explore:emply_group": {
				"minecraft:area_attack": {
				  "damage_radius": 0.5,
				  "damage_interval": 20,
				  "damage": 0,
				  "cooldown_time": 40,
				  "target_conditions": {
					"test": "is_family",
					"subject": "other",
					"value": "hostile"
				  }
				}
			}
		},
		"components": {
			"minecraft:tameable": {
				"probability": 0.4,
				"tame_items": "blaze_rod",
				"tame_event": {
				  "event": "minecraft:on_tame",
				  "target": "self"
				}
			},
			"minecraft:mob_effect": {
				"effect_range": 10,
				"mob_effect": "regeneration",
				"effect_time": 10,
				"entity_filter": {
				  "all_of": [
					{ 
						"test": "is_family",
						"subject": "other",
						"value": "player"
					},
					{
						"test": "is_owner",
						"subject":"other",
						"value":true
					},
					{
						"test": "actor_health",
						"subject":"other",
						"operator": "<",
						"value": 10
					}
				  ] 
				}
			},
			"minecraft:is_hidden_when_invisible": {},
			"minecraft:type_family": {
				"family": ["allay", "mob"]
			},
			"minecraft:collision_box": {
				"width": 0.35,
				"height": 0.6
			},
			"minecraft:balloonable": {
				"mass": 0.5
			},
			"minecraft:breathable": {
				"totalSupply": 15,
				"suffocateTime": 0
			},
			"minecraft:nameable": {},
			"minecraft:leashable": {
				"soft_distance": 4,
				"hard_distance": 6,
				"max_distance": 10
			},
			"minecraft:health": {
				"value": 20
			},
			"minecraft:hurt_on_condition": {
				"damage_conditions": [
					{
						"filters": {
							"test": "in_lava",
							"subject": "self",
							"operator": "==",
							"value": true
						},
						"cause": "lava",
						"damage_per_tick": 4
					}
				]
			},
			"minecraft:damage_sensor": {
				"triggers": [
					{
						"on_damage": {
							"filters": {
								"all_of": [
									{
										"test": "is_family",
										"subject": "other",
										"value": "player"
									},
									{
										"test": "is_owner",
										"subject": "other",
										"value": true
									}
								]
							}
						},
						"deals_damage": true
					}
				]
			},
			"minecraft:movement": {
				"value": 0.1
			},
			"minecraft:flying_speed": {
				"value": 0.1
			},
			"minecraft:navigation.hover": {
				"can_path_over_water": true,
				"can_sink": false,
				"can_pass_doors": false,
				"can_path_from_air": true,
				"avoid_water": true,
				"avoid_damage_blocks": true,
				"avoid_sun": false
			},
			"minecraft:movement.hover": {},
			"minecraft:follow_range": {
				"value": 1024
			},
			"minecraft:ambient_sound_interval": {
				"value": 5,
				"range": 5,
				"event_name": "ambient",
				"event_names": [
					{
						"event_name": "ambient.tame",
						"condition": "query.is_using_item"
					},
					{
						"event_name": "ambient",
						"condition": "!query.is_using_item"
					}
				]
			},
			"minecraft:jump.static": {},
			"minecraft:can_fly": {},
			"minecraft:physics": {
				"has_gravity": false
			},
			"minecraft:pushable": {
				"is_pushable": true,
				"is_pushable_by_piston": true
			},
			"minecraft:vibration_listener": {},
			"minecraft:conditional_bandwidth_optimization": {},
			"minecraft:inventory": {
				"inventory_size": 1
			},
			"minecraft:behavior.panic": {
				"priority": 1,
				"speed_multiplier": 2
			},
			"minecraft:behavior.follow_owner": {
				"priority": 6,
				"speed_multiplier": 8,
				"start_distance": 16,
				"stop_distance": 4,
				"can_teleport": false,
				"ignore_vibration": false
			},
			"minecraft:behavior.float": {
				"priority": 7
			},
			"minecraft:behavior.look_at_player": {
				"priority": 8,
				"target_distance": 6,
				"probability": 0.02
			},
			"minecraft:behavior.random_look_around": {
				"priority": 8
			},
			"minecraft:behavior.random_hover": {
				"priority": 9,
				"xz_dist": 8,
				"y_dist": 8,
				"y_offset": -1,
				"interval": 1,
				"hover_height": [1, 4]
			}
		},
		"events":{

		}
	}
}