{
	"format_version": "1.16.0",
	"minecraft:entity": {
		"description": {
			"identifier": "explore:evil_tree",
			"runtime_identifier": "minecraft:creeper",
			"is_spawnable": true,
			"is_summonable": true,
			"is_experimental": false
		},
		"components": {
			"minecraft:experience_reward": {
				"on_death": "query.last_hit_by_player ? 5 : 0"
			},
			"minecraft:type_family": {
				"family": ["monster", "mob"]
			},
			"minecraft:breathable": {
				"total_supply": 600,
				"suffocate_time": 0
			},
			"minecraft:nameable": {},
			"minecraft:collision_box": {
				"width": 1,
				"height": 1
			},
			"minecraft:movement": {
				"value": 0.2
			},
			"minecraft:navigation.walk": {
				"can_path_over_water": true
			},
			"minecraft:movement.basic": {},
			"minecraft:jump.static": {},
			"minecraft:can_climb": {},
			"minecraft:loot": {
				"table": "loot_tables/entities/evil_tree.json"
			},
			"minecraft:health": {
				"value": 20,
				"max": 20
			},
			"minecraft:hurt_on_condition": {
				"damage_conditions": [
					{
						"filters": {
							"test": "in_lava",
							"subject": "self",
							"operator": "==",
							"value": true
						},
						"cause": "lava",
						"damage_per_tick": 4
					}
				]
			},
			"minecraft:attack": {
				"damage": 6
			},
			"minecraft:damage_sensor": {
				"triggers": {
					"on_damage": {
						"filters": {
							"test": "is_family",
							"subject": "other",
							"value": "lightning"
						},
						"event": "minecraft:become_charged"
					},
					"deals_damage": false
				}
			},
			"minecraft:behavior.float": {
				"priority": 0
			},
			"minecraft:behavior.melee_attack": {
				"priority": 4,
				"speed_multiplier": 1.25,
				"track_target": false,
				"reach_multiplier": 0
			},
			"minecraft:behavior.nearest_attackable_target": {
				"priority": 1,
				"must_see": false,
				"must_see_forget_duration": 3,
				"entity_types": [
					{
						"filters": {
							"test": "is_family",
							"subject": "other",
							"value": "player"
						},
						"max_dist": 5
					}
				]
			},
			"minecraft:behavior.hurt_by_target": {
				"priority": 2
			},
			"minecraft:physics": {},
			"minecraft:pushable": {
				"is_pushable": true,
				"is_pushable_by_piston": true
			},
			"minecraft:on_target_escape": {
				"event": "minecraft:stop_exploding",
				"target": "self"
			},
			"minecraft:conditional_bandwidth_optimization": {}
		},
		"events": {
			
		}
	}
}