{
	"format_version": "1.16.0",
	"minecraft:entity": {
		"description": {
			"identifier": "explore:wrecklin",
			"is_spawnable": true,
			"is_summonable": true,
			"is_experimental": false
		},
		"components": {
			"minecraft:nameable": {},
			"minecraft:type_family": {
				"family": ["spider", "arthropod", "monster", "mob"]
			},
			"minecraft:movement": {
				"value": 0.3
			},
			"minecraft:walk_animation_speed":{
				"value": 100.0
			},
			"minecraft:equip_item": {},
			"minecraft:collision_box": {
				"width": 1.0,
				"height": 1.9
			},
			"minecraft:experience_reward": {
				"on_death": "query.last_hit_by_player ? Math.Random(3,6) : 0"
			  },
			"minecraft:movement.basic": {
				"max_turn": 30.0
			},
			"minecraft:navigation.walk": {
				"can_pass_doors": true,
				"can_walk": true
			},
			"minecraft:annotation.break_door": {},
			"minecraft:jump.static": {},
			"minecraft:can_climb": {},
			"minecraft:health": {
				"value": 35,
				"max": 35
			},
			"minecraft:hurt_on_condition": {
				"damage_conditions": [
					{
						"filters": {
							"test": "in_lava",
							"subject": "self",
							"operator": "==",
							"value": true
						},
						"cause": "lava",
						"damage_per_tick": 4
					}
				]
			},
			"minecraft:breathable": {
				"total_supply": 15,
				"suffocate_time": 0,
				"breathes_air": true,
				"breathes_water": true
			},
			"minecraft:attack": {
				"damage": 4
			},
			"minecraft:loot": {
				"table": "loot_tables/wrecklin.json"
			},
			"minecraft:despawn": {
				"despawn_from_distance": {}
			},
			"minecraft:behavior.melee_attack": {
				"priority": 3
			},
			"minecraft:behavior.random_stroll": {
				"priority": 7,
				"speed_multiplier": 0.7
			},
			"minecraft:behavior.look_at_player": {
				"priority": 8,
				"angle_of_view_horizontal":30,
				"angle_of_view_vertical":30,
				"look_distance": 6,
				"probability": 0.02
			},
			"minecraft:behavior.random_look_around": {
				"priority": 9
			},
			"minecraft:behavior.hurt_by_target": {
				"priority": 1
			},
			"minecraft:behavior.nearest_attackable_target": {
				"priority": 2,
				"must_see": true,
				"reselect_targets": true,
				"within_radius": 25,
				"must_see_forget_duration": 17,
				"entity_types": [
					{
						"filters": {
							"any_of": [
								{
									"test": "is_family",
									"subject": "other",
									"value": "player"
								},
								{
									"test": "is_family",
									"subject": "other",
									"value": "snowgolem"
								},
								{
									"test": "is_family",
									"subject": "other",
									"value": "irongolem"
								}
							]
						},
						"max_dist": 35
					},
					{
						"filters": {
							"any_of": [
								{
									"test": "is_family",
									"subject": "other",
									"value": "bee"
								}
							]
						},
						"max_dist": 35,
						"must_see": false
					}
				]
			},
			"minecraft:physics": {},
			"minecraft:pushable": {
				"is_pushable": true,
				"is_pushable_by_piston": true
			},
			"minecraft:conditional_bandwidth_optimization": {}
		},
		"events": {
			"minecraft:entity_spawned": {
				"randomize": [
		
				]
			}
		}
	}
}