{
  "format_version": "1.12",
  "minecraft:recipe_shaped": {
    "description": {
      "identifier": "explore_mod_bedrock:explorium_to_zombie"
    },
    "groups": [
      "explore_mod_bedrock"
    ],
    "tags": [
      "crafting_table"
    ],
    "pattern": [
      " 1 ",
      "345",
      " 7 "
    ],
    "key": {
      "1": {
        "item": "explore_mod_bedrock:explorium"
      },
      "3": {
        "item": "explore_mod_bedrock:explorium"
      },
      "4": {
        "item": "minecraft:rotten_flesh"
      },
      "5": {
        "item": "explore_mod_bedrock:explorium"
      },
      "7": {
        "item": "explore_mod_bedrock:explorium"
      }
    },
    "result": {
      "item": "minecraft:zombie_spawn_egg",
      "count": 1
    }
  }
}